Workbook

Sheet 안내
A1: 서울지방중대범죄수사청 반독점수사4과 업무분장(초안)
A2: 작성 기준 | B2: 2026. 10. 2. 발령 명단(과장 제외 18명). 1~3과는 4과와 같은 인원 구성(19명)으로 가정.
A3: 근거 | B3: 「중대범죄수사청과 그 소속기관 직제 시행규칙」 §18②(반독점수사1~4과 공통 분장, 과 사이 구체적 분장은 청장이 정함), §7④(사건 범위), 중수청법 §17(7급 이상 사법경찰관, 8급 이하 사법경찰리).
A5: 시트 구성
A6: 4과 업무분장표 | B6: 담당자별 팀·주 업무·과 공통 업무·대직자·멘토. 노란 칸(파란 글씨)을 고쳐 쓰세요.
A7: 4과 인원현황 | B7: 발령 명단과 팀·직급별 인원 집계. 집계는 ‘4과 업무분장표’의 팀 칸을 바꾸면 자동으로 다시 계산됩니다.
A8: 4과 공통업무 | B8: 과 공통 업무의 정·부 담당자.
A9: 4과 업무범위 | B9: 4과 예상 사건 범위와 근거.
A10: 4과 직급별 역할 | B10: 사건 처리 단계별로 직급마다 맡는 일.
A11: 국 분장(안) | B11: 반독점수사국 1~4과 전담 분야 건의안.
A12: 1~3과 편성(안) | B12: 1~3과 팀 편성 틀과 과별 조정 사항.
A14: 주의 | B14: 성명 배치는 경력 정보 없이 명단 순서대로 넣은 임시안입니다. 2팀장은 6급 중 선임자로 바꾸고, 공정위 사건·포렌식·회계 경력을 반영해 조정하세요. 과별 전담 분야는 청장이 정하는 사항이므로 국 건의용입니다. 공정거래법 조문 번호는 2020년 전부개정법 기준입니다.

Sheet 4과 업무분장표
A1: 팀 | B1: 직위 | C1: 직급 | D1: 성명 | E1: 주 업무 | F1: 과 공통 업무(겸임) | G1: 대직자 | H1: 멘토(9급) | I1: 비고
A2: 과 직속 | B2: 과장 | C2: 4급 | D2: (과장) | E2: 과 업무 총괄, 사건 배당·지휘, 영장 결재, 국장 보고 | F2: — | G2: 윤유승 | I2: 명단 외
A3: 1팀 | B3: 팀장 | C3: 5급 | D3: 윤유승 | E3: 1팀 지휘, 대기업집단 중요사건 주임 | F3: 과 수사기획, 공정위·국 협의 창구 | G3: 조철민
A4: 1팀 | B4: 주임 | C4: 6급 | D4: 이광진 | E4: 부당지원·사익편취 사건 주임 | F4: 자금·회계 분석(계열사 간 거래, 이익 산정) | G4: 신영일
A5: 1팀 | B5: 주임·보조 | C5: 7급 | D5: 김다미 | E5: 사건 주임(중소 규모)·조사 | F5: 사건관리·영장·통계(정) | G5: 황승현 | H5: 이준혁
A6: 1팀 | B6: 보조 | C6: 7급 | D6: 심유민 | E6: 압수수색, 내부거래 자료 분석 | F6: 디지털증거 선별(부) | G6: 신재호 | H6: 최형범
A7: 1팀 | B7: 보조 | C7: 8급 | D7: 손귀연 | E7: 조사 참여, 압수물 목록 작성 | F7: 압수물·기록 관리(정) | G7: 박성진
A8: 1팀 | B8: 보조 | C8: 8급 | D8: 이혜원 | E8: 조사 참여, 증거목록 정리 | F8: 압수물·기록 관리 지원 | G8: 김은혜
A9: 1팀 | B9: 보조 | C9: 9급 | D9: 이준혁 | E9: 기록 편철, 법인등기·공시 자료 입력, 조사 참여 | F9: 과 서무(부) | G9: 최민석 | I9: 멘토: 김다미
A10: 1팀 | B10: 보조 | C10: 9급 | D10: 최형범 | E10: 기록 편철, 자료 입력, 조사 참여 | F10: 공문 수발 | G10: 김범준 | I10: 멘토: 심유민
A11: 1팀 | B11: 보조 | C11: 9급 | D11: 정수진 | E11: 기록 편철, 자료 대조, 조사 참여 | F11: 물품·비품 관리 | G11: 최민석 | I11: 멘토: 이광진
A12: 2팀 | B12: 팀장 | C12: 6급 | D12: 조철민 | E12: 2팀 지휘, 중요사건 주임 | F12: 팀장 회의, 과장 보좌 | G12: 윤유승 | I12: 6급 중 선임자로 조정
A13: 2팀 | B13: 주임 | C13: 6급 | D13: 신영일 | E13: 불공정거래 사건 주임(거래상 지위 남용 등) | F13: 공정위 의결서·심결례 분석, 수사기법 정리 | G13: 이광진
A14: 2팀 | B14: 주임·보조 | C14: 7급 | D14: 서정우 | E14: 사건 주임(중소 규모)·조사 | F14: 경제범죄수사국과 사건 경계 협의(횡령·배임 동반 시) | G14: 김다미 | H14: 최민석
A15: 2팀 | B15: 보조 | C15: 7급 | D15: 신재호 | E15: 사건 수사, 피해업체 조사 | F15: 디지털증거 선별(정), 과학수사지원과 연락 | G15: 심유민 | H15: 김범준
A16: 2팀 | B16: 보조 | C16: 7급 | D16: 황승현 | E16: 사건 수사, 거래자료 분석 | F16: 사건관리·영장(부) | G16: 김다미
A17: 2팀 | B17: 보조 | C17: 8급 | D17: 박성진 | E17: 조사 참여, 압수물 정리 | F17: 압수물·기록 관리(부) | G17: 손귀연
A18: 2팀 | B18: 보조 | C18: 8급 | D18: 김은혜 | E18: 조사 참여, 거래자료 정리 | F18: 통계·보고자료 작성 지원 | G18: 이혜원
A19: 2팀 | B19: 보조 | C19: 9급 | D19: 최민석 | E19: 기록 편철, 자료 입력 | F19: 과 서무(정): 예산·복무·물품 | G19: 이준혁 | I19: 멘토: 서정우
A20: 2팀 | B20: 보조 | C20: 9급 | D20: 김범준 | E20: 기록 편철, 자료 입력, 조사 참여 | F20: 공문 수발(부) | G20: 최형범 | I20: 멘토: 신재호
A22: 팀 전담(안): 1팀 = 대기업집단 부당지원(공정거래법 §45①9)·특수관계인 사익편취(§47)·기업범죄 / 2팀 = 불공정거래행위(§45①: 거래상 지위 남용, 부당한 고객유인, 거래거절 등)
A23: 8·9급(사법경찰리)은 조사 참여·보조까지 맡습니다(중수청법 §17). 주임수사관은 6급과 고참 7급.
A24: 성명은 명단 순서대로 넣은 임시 배치입니다. 경력을 반영해 바꾸면 ‘4과 인원현황’ 집계가 자동으로 맞춰집니다.

Sheet 4과 인원현황
A1: 배치 부서 | B1: 직급 | C1: 성명 | D1: 소속 팀(자동)
A2: 반독점수사4과 | B2: 5급 수사관 | C2: 윤유승 | D2: =IFERROR(INDEX('4과 업무분장표'!$A$2:$A$20,MATCH(C2,'4과 업무분장표'!$D$2:$D$20,0)),"미배치")
A3: 반독점수사4과 | B3: 6급 수사관 | C3: 이광진 | D3: =IFERROR(INDEX('4과 업무분장표'!$A$2:$A$20,MATCH(C3,'4과 업무분장표'!$D$2:$D$20,0)),"미배치")
A4: 반독점수사4과 | B4: 6급 수사관 | C4: 조철민 | D4: =IFERROR(INDEX('4과 업무분장표'!$A$2:$A$20,MATCH(C4,'4과 업무분장표'!$D$2:$D$20,0)),"미배치")
A5: 반독점수사4과 | B5: 6급 수사관 | C5: 신영일 | D5: =IFERROR(INDEX('4과 업무분장표'!$A$2:$A$20,MATCH(C5,'4과 업무분장표'!$D$2:$D$20,0)),"미배치")
A6: 반독점수사4과 | B6: 7급 수사관 | C6: 김다미 | D6: =IFERROR(INDEX('4과 업무분장표'!$A$2:$A$20,MATCH(C6,'4과 업무분장표'!$D$2:$D$20,0)),"미배치")
A7: 반독점수사4과 | B7: 7급 수사관 | C7: 심유민 | D7: =IFERROR(INDEX('4과 업무분장표'!$A$2:$A$20,MATCH(C7,'4과 업무분장표'!$D$2:$D$20,0)),"미배치")
A8: 반독점수사4과 | B8: 7급 수사관 | C8: 서정우 | D8: =IFERROR(INDEX('4과 업무분장표'!$A$2:$A$20,MATCH(C8,'4과 업무분장표'!$D$2:$D$20,0)),"미배치")
A9: 반독점수사4과 | B9: 7급 수사관 | C9: 신재호 | D9: =IFERROR(INDEX('4과 업무분장표'!$A$2:$A$20,MATCH(C9,'4과 업무분장표'!$D$2:$D$20,0)),"미배치")
A10: 반독점수사4과 | B10: 7급 수사관 | C10: 황승현 | D10: =IFERROR(INDEX('4과 업무분장표'!$A$2:$A$20,MATCH(C10,'4과 업무분장표'!$D$2:$D$20,0)),"미배치")
A11: 반독점수사4과 | B11: 8급 수사관 | C11: 손귀연 | D11: =IFERROR(INDEX('4과 업무분장표'!$A$2:$A$20,MATCH(C11,'4과 업무분장표'!$D$2:$D$20,0)),"미배치")
A12: 반독점수사4과 | B12: 8급 수사관 | C12: 이혜원 | D12: =IFERROR(INDEX('4과 업무분장표'!$A$2:$A$20,MATCH(C12,'4과 업무분장표'!$D$2:$D$20,0)),"미배치")
A13: 반독점수사4과 | B13: 8급 수사관 | C13: 박성진 | D13: =IFERROR(INDEX('4과 업무분장표'!$A$2:$A$20,MATCH(C13,'4과 업무분장표'!$D$2:$D$20,0)),"미배치")
... A19: 반독점수사4과 | B19: 9급 수사관 | C19: 김범준 | D19: =IFERROR(INDEX('4과 업무분장표'!$A$2:$A$20,MATCH(C19,'4과 업무분장표'!$D$2:$D$20,0)),"미배치")
A21: 팀·직급별 인원 (‘4과 업무분장표’ 기준 자동 집계)
A22: 직급 | B22: 1팀 | C22: 2팀 | D22: 과 직속 | E22: 계 | F22: 발령 인원 | G22: 차이
A23: 4급 | B23: =COUNTIFS('4과 업무분장표'!$A$2:$A$20,"1팀",'4과 업무분장표'!$C$2:$C$20,$A23) | C23: =COUNTIFS('4과 업무분장표'!$A$2:$A$20,"2팀",'4과 업무분장표'!$C$2:$C$20,$A23) | D23: =COUNTIFS('4과 업무분장표'!$A$2:$A$20,"과 직속",'4과 업무분장표'!$C$2:$C$20,$A23) | E23: =SUM(B23:D23) | F23: =COUNTIF($B$2:$B$19,$A23&" 수사관")+IF($A23="4급",1,0) | G23: =E23-F23
A24: 5급 | B24: =COUNTIFS('4과 업무분장표'!$A$2:$A$20,"1팀",'4과 업무분장표'!$C$2:$C$20,$A24) | C24: =COUNTIFS('4과 업무분장표'!$A$2:$A$20,"2팀",'4과 업무분장표'!$C$2:$C$20,$A24) | D24: =COUNTIFS('4과 업무분장표'!$A$2:$A$20,"과 직속",'4과 업무분장표'!$C$2:$C$20,$A24) | E24: =SUM(B24:D24) | F24: =COUNTIF($B$2:$B$19,$A24&" 수사관")+IF($A24="4급",1,0) | G24: =E24-F24
A25: 6급 | B25: =COUNTIFS('4과 업무분장표'!$A$2:$A$20,"1팀",'4과 업무분장표'!$C$2:$C$20,$A25) | C25: =COUNTIFS('4과 업무분장표'!$A$2:$A$20,"2팀",'4과 업무분장표'!$C$2:$C$20,$A25) | D25: =COUNTIFS('4과 업무분장표'!$A$2:$A$20,"과 직속",'4과 업무분장표'!$C$2:$C$20,$A25) | E25: =SUM(B25:D25) | F25: =COUNTIF($B$2:$B$19,$A25&" 수사관")+IF($A25="4급",1,0) | G25: =E25-F25
A26: 7급 | B26: =COUNTIFS('4과 업무분장표'!$A$2:$A$20,"1팀",'4과 업무분장표'!$C$2:$C$20,$A26) | C26: =COUNTIFS('4과 업무분장표'!$A$2:$A$20,"2팀",'4과 업무분장표'!$C$2:$C$20,$A26) | D26: =COUNTIFS('4과 업무분장표'!$A$2:$A$20,"과 직속",'4과 업무분장표'!$C$2:$C$20,$A26) | E26: =SUM(B26:D26) | F26: =COUNTIF($B$2:$B$19,$A26&" 수사관")+IF($A26="4급",1,0) | G26: =E26-F26
A27: 8급 | B27: =COUNTIFS('4과 업무분장표'!$A$2:$A$20,"1팀",'4과 업무분장표'!$C$2:$C$20,$A27) | C27: =COUNTIFS('4과 업무분장표'!$A$2:$A$20,"2팀",'4과 업무분장표'!$C$2:$C$20,$A27) | D27: =COUNTIFS('4과 업무분장표'!$A$2:$A$20,"과 직속",'4과 업무분장표'!$C$2:$C$20,$A27) | E27: =SUM(B27:D27) | F27: =COUNTIF($B$2:$B$19,$A27&" 수사관")+IF($A27="4급",1,0) | G27: =E27-F27
A28: 9급 | B28: =COUNTIFS('4과 업무분장표'!$A$2:$A$20,"1팀",'4과 업무분장표'!$C$2:$C$20,$A28) | C28: =COUNTIFS('4과 업무분장표'!$A$2:$A$20,"2팀",'4과 업무분장표'!$C$2:$C$20,$A28) | D28: =COUNTIFS('4과 업무분장표'!$A$2:$A$20,"과 직속",'4과 업무분장표'!$C$2:$C$20,$A28) | E28: =SUM(B28:D28) | F28: =COUNTIF($B$2:$B$19,$A28&" 수사관")+IF($A28="4급",1,0) | G28: =E28-F28
A29: 계 | B29: =SUM(B23:B28) | C29: =SUM(C23:C28) | D29: =SUM(D23:D28) | E29: =SUM(E23:E28) | F29: =SUM(F23:F28) | G29: =SUM(G23:G28)
A30: 발령 인원의 4급은 과장 1명(명단 외)을 더한 값입니다. ‘차이’가 ✓이면 분장표와 명단 인원이 일치합니다.

Sheet 4과 공통업무
A1: 과 공통 업무 | B1: 정 | C1: 부 | D1: 내용 | E1: 연계 부서
A2: 수사기획·관계기관 협의 | B2: 윤유승 | C2: 조철민 | D2: 과 수사계획, 공정위·국 협의, 국 회의 대응 | E2: 반독점수사국, 공정거래위원회
A3: 자금·회계 분석 | B3: 이광진 | C3: 신영일 | D3: 계열사 간 거래, 부당이익 산정, 자금흐름 | E3: 본청 자금추적·회계분석과
A4: 의결서·심결례 분석 | B4: 신영일 | C4: 이광진 | D4: 공정위 의결서·심결례 검토, 수사기법 정리 | E4: —
A5: 사건관리·영장·통계 | B5: 김다미 | C5: 황승현 | D5: 사건 접수·진행 관리, 영장 신청 관리, 사건 통계 | E5: 사무국 사건과
A6: 디지털증거 선별 | B6: 신재호 | C6: 심유민 | D6: 압수 전자자료 검색·선별, 분석 의뢰 | E6: 사무국 과학수사지원과
A7: 사건 경계 협의 | B7: 서정우 | C7: 김다미 | D7: 횡령·배임 동반 사건 주관 협의, 범죄수익 환수 요청 | E7: 경제범죄수사국, 범죄수익수사과
A8: 압수물·기록 관리 | B8: 손귀연 | C8: 박성진 | D8: 압수물 목록·보관·인계, 수사기록 편철 점검 | E8: 사무국 증거기록과
A9: 과 서무 | B9: 최민석 | C9: 이준혁 | D9: 예산·복무·물품, 과 회의 자료 | E9: 사무국 총무과
A10: 공문 수발 | B10: 최형범 | C10: 김범준 | D10: 공문 접수·발송, 문서 등록 | E10: —
A12: 정·부를 서로 다른 팀으로 지정해, 한 팀이 대형 사건에 묶여도 공통 업무가 멈추지 않게 했습니다. 국 전체 서무는 1과, 당직·호송은 사무국 수사지원과 업무라 제외(시행규칙 §18② 단서, §15⑤).

Sheet 4과 업무범위
A1: 구분 | B1: 내용 | C1: 근거
A2: 기본 사건 | B2: 공정거래법 §124·§125 위반 사건 중 국에서 4과에 배당한 사건 | C2: 시행규칙 §18②, §7④
A3: 4과 전담(안) – 1팀 | B3: 대기업집단 부당지원(§45①9), 특수관계인 부당이익제공·사익편취(§47), 관련 기업범죄 | C3: 국 분장 건의안
A4: 4과 전담(안) – 2팀 | B4: 불공정거래행위(§45①): 거래상 지위 남용, 부당한 고객유인, 거래거절, 차별적 취급 등 | C4: 국 분장 건의안
A5: 고발·수사의뢰 사건 | B5: 개별 법률에 따라 국가기관이 중수청에 고발·수사의뢰한 사건 중 공정거래·기업범죄 | C5: 중수청법 §2 2호 나목
A6: 관련 사건 | B6: 직접 관련성이 있어 청장이 명하는 사건(범인은닉·증거인멸·위증, 수단·결과 관계 범죄 등) | C6: 시행규칙 §18②, 시행령 §2
A7: 부수 업무 | B7: 범죄수법 조사·연구 및 공조, 정보·자료 수집·관리, 유관기관 협조 | C7: 시행규칙 §18② 2~5호
A8: 제외 | B8: 국 전체 서무·‘그 밖의 사항’(1과), 당직·호송·소재수사(사무국 수사지원과) | C8: 시행규칙 §18② 단서, §15⑤
A9: 확인 필요 | B9: 조문 번호는 2020년 전부개정 공정거래법 기준. 공정위 전속고발(§129) 사건의 중수청 접수 방식은 미확인 | C9: —

Sheet 4과 직급별 역할
A1: 단계 | B1: 과장 | C1: 5급·6급(팀장·주임) | D1: 7급 | E1: 8급 | F1: 9급
A2: 접수·검토 | B2: 배당 | C2: 의결서·고발장 검토, 수사계획 작성 | D2: 기초 자료 수집, 법인·계열사 현황 정리 | E2: 사건 등록, 기록 편철 | F2: 자료 입력, 공문 수발
A3: 강제수사 | B3: 영장 결재, 국장 보고 | C3: 영장 신청서 작성, 현장 지휘 | D3: 현장 압수수색 실행 | E3: 압수물 목록 작성 | F3: 압수물 운반·정리
A4: 분석 | B4: 진행 점검 | C4: 쟁점 정리, 경제·자금 분석 | D4: 전자자료 검색·선별, 거래자료 분석 | E4: 분석 자료 정리 | F4: 엑셀 입력, 자료 대조
A5: 조사 | B5: 주요 피의자 조사 방침 | C5: 핵심 피의자 조사 | D5: 참고인·실무자 조사 | E5: 조사 참여 | F5: 조사 참여(보조)
A6: 종결 | B6: 최종 결재 | C6: 의견서 작성 | D6: 의견서 초안 일부, 증거목록 | E6: 기록 정리, 송치 준비 | F6: 기록 편철·인계
A8: 7급 이상은 사법경찰관, 8급 이하는 사법경찰리(중수청법 §17).

Sheet 국 분장(안)
A1: 과 | B1: 전담 분야(안) | C1: 1팀(사무관) | D1: 2팀(선임 6급) | E1: 비고
A2: 1과 | B2: 공공 입찰담합 + 국 기획·서무 | C2: 공공기관·조달 입찰담합 | D2: 입찰담합 일반 + 국 서무·통계 겸임 | E2: ‘그 밖의 사항’과 관리운영 1명은 1과(§18② 단서)
A3: 2과 | B3: 민간 담합 | C3: 가격·물량 담합(제조·소재) | D3: 건설·서비스 담합, 자진신고(리니언시) 사건 | E3: 압수수색 규모가 가장 큰 과
A4: 3과 | B4: 시장지배적 지위 남용 | C4: 독과점 사업자 남용(§5) | D4: 플랫폼·IT 분야 남용·배타조건 | E4: 경제분석 수요가 큼
A5: 4과 | B5: 불공정거래·대기업집단 | C5: 부당지원·사익편취(§45①9, §47), 기업범죄 | D5: 불공정거래행위(§45①) | E5: 기업범죄는 경제범죄수사국과 경계 조율
A7: 운영 원칙: ① 사건이 몰리면 국장이 재배당(분기별 과별 사건 수 점검) ② 대형 사건은 주관 과 + 지원 과 합동 ③ 국 공통 업무(국 회의 간사, 공정위 정기 협의, 수사기법 공유)는 각 과 1팀장이 돌아가며 담당
A8: 과 사이 구체적 분장은 청장이 정합니다(시행규칙 §18②). 이 표는 국 건의용 초안입니다.

Sheet 1~3과 편성(안)
A1: 과 | B1: 팀 | C1: 5급 | D1: 6급 | E1: 7급 | F1: 8급 | G1: 9급 | H1: 계 | I1: 과별 조정 사항
A2: 1과 | B2: 1팀 (팀장 사무관) | C2: 1 | D2: 1 | E2: 2 | F2: 2 | G2: 3 | H2: =SUM(C2:G2) | I2: 2팀 9급 1명은 국 서무 전담(예산·복무·국 통계·국회 자료). 관리운영 1명은 국장 보좌.
A3: 1과 | B3: 2팀 (팀장 6급) | C3: 0 | D3: 2 | E3: 3 | F3: 2 | G3: 2 | H3: =SUM(C3:G3)
A4: 1과 | B4: 과 계(과장 제외) | C4: =C2+C3 | D4: =D2+D3 | E4: =E2+E3 | F4: =F2+F3 | G4: =G2+G3 | H4: =H2+H3
A5: 2과 | B5: 1팀 (팀장 사무관) | C5: 1 | D5: 1 | E5: 2 | F5: 2 | G5: 3 | H5: =SUM(C5:G5) | I5: 압수물 관리 부담이 커서 1팀 8급 +1, 2팀 9급 −1 맞교환 검토.
A6: 2과 | B6: 2팀 (팀장 6급) | C6: 0 | D6: 2 | E6: 3 | F6: 2 | G6: 2 | H6: =SUM(C6:G6)
A7: 2과 | B7: 과 계(과장 제외) | C7: =C5+C6 | D7: =D5+D6 | E7: =E5+E6 | F7: =F5+F6 | G7: =G5+G6 | H7: =H5+H6
A8: 3과 | B8: 1팀 (팀장 사무관) | C8: 1 | D8: 1 | E8: 2 | F8: 2 | G8: 3 | H8: =SUM(C8:G8) | I8: 6급 1명을 경제분석 전담(시장 획정·점유율·경쟁제한성)으로 지정.
A9: 3과 | B9: 2팀 (팀장 6급) | C9: 0 | D9: 2 | E9: 3 | F9: 2 | G9: 2 | H9: =SUM(C9:G9)
A10: 3과 | B10: 과 계(과장 제외) | C10: =C8+C9 | D10: =D8+D9 | E10: =E8+E9 | F10: =F8+F9 | G10: =G8+G9 | H10: =H8+H9
A12: 1~3과는 4과와 같은 구성(과장 1, 5급 1, 6급 3, 7급 5, 8급 4, 9급 5)으로 가정했습니다. 실제 발령 인원으로 노란 칸을 고치세요.
